1556709446.9041276,20.8,34.7,1325.0,140.0,25.26,48.32,50.0
1556709449.673286,20.8,34.7,1271.0,132.0,25.47,48.19,50.0
1556709452.5214489,20.8,34.7,1341.0,143.0,25.24,48.22,50.0
1556709455.3446102,20.8,34.8,1253.0,129.0,25.13,48.24,50.0
1556709458.1137688,20.8,34.8,1295.0,136.0,25.26,48.22,50.0
1556709460.9389303,20.8,34.8,1341.0,143.0,25.39,48.22,50.0
1556709463.7620919,20.8,34.8,1352.0,145.0,25.33,48.32,50.0
1556709466.5912535,20.7,34.8,1372.0,148.0,25.43,48.32,50.0
1556709469.4084146,20.7,34.8,1408.0,153.0,25.47,48.29,50.0
1556709472.189574,20.7,34.8,1441.0,158.0,25.41,48.32,50.0
1556709475.0197358,20.7,34.8,1465.0,162.0,25.32,48.22,50.0
1556709477.8468974,20.7,34.8,1388.0,150.0,25.41,48.32,50.0
1556709480.673059,20.7,34.8,1295.0,136.0,25.41,48.32,50.0
1556709483.4432175,20.7,34.9,1312.0,138.0,25.38,48.32,50.0
1556709486.2713792,20.7,34.9,1169.0,117.0,25.54,48.29,50.0
1556709489.100541,20.7,34.9,1121.0,109.0,25.32,48.41,50.0
1556709491.928703,20.7,34.9,1046.0,98.0,25.2,48.34,50.0
1556709494.695861,20.7,35.0,908.0,77.0,25.26,48.32,50.0
1556709497.5240228,20.7,34.9,889.0,74.0,25.01,48.44,50.0
1556709500.3551848,20.7,34.9,863.0,70.0,25.04,48.44,50.0
1556709503.1813467,20.7,34.9,915.0,78.0,25.14,48.64,50.0
1556709505.970506,20.7,35.0,881.0,73.0,24.94,48.66,50.0
1556709508.7976675,20.7,35.0,889.0,74.0,25.13,48.74,50.0
1556709511.6228292,20.7,35.0,980.0,88.0,25.04,48.83,50.0
1556709514.451991,20.6,34.9,1018.0,94.0,25.07,48.83,50.0
1556709517.2201495,20.7,35.0,881.0,73.0,24.89,48.96,50.0
1556709520.0513113,20.6,34.9,778.0,57.0,24.89,48.86,50.0
1556709522.8824732,20.6,34.9,845.0,67.0,24.88,48.96,50.0
1556709525.6516316,20.6,34.9,900.0,76.0,24.79,48.96,50.0
1556709528.4837937,20.6,34.9,900.0,76.0,24.92,48.96,50.0
1556709531.3119555,20.6,34.9,939.0,82.0,24.88,49.06,50.0
1556709534.136117,20.6,34.9,881.0,73.0,24.84,49.06,50.0
1556709536.9122758,20.6,34.9,889.0,74.0,24.92,49.16,50.0
1556709539.7434378,20.6,35.0,915.0,78.0,24.83,49.26,50.0
1556709542.5685992,20.6,35.0,987.0,89.0,24.8,49.26,50.0
1556709545.3947608,20.6,35.0,889.0,74.0,24.81,49.36,50.0
1556709548.1649194,20.5,35.0,845.0,67.0,24.95,49.26,50.0
1556709551.0150826,20.5,35.0,818.0,63.0,24.77,49.26,50.0
1556709553.840244,20.5,35.0,812.0,62.0,24.81,49.36,50.0
1556709556.6154027,20.5,35.0,838.0,66.0,24.7,49.28,50.0
1556709559.4435647,20.5,35.0,838.0,66.0,24.8,49.36,50.0
1556709562.2657259,20.5,35.0,818.0,63.0,24.77,49.36,50.0
1556709565.0908873,20.5,35.0,804.0,61.0,24.83,49.36,50.0
1556709567.8740468,20.5,35.0,818.0,63.0,24.63,49.38,50.0
1556709570.7012084,20.5,35.0,845.0,67.0,24.73,49.28,50.0
1556709573.5233698,20.5,35.0,881.0,73.0,24.8,49.26,50.0
1556709576.3475313,20.5,35.0,881.0,73.0,24.61,49.38,50.0
1556709579.174693,20.5,35.0,928.0,80.0,24.89,49.36,50.0
1556709581.938851,20.4,35.0,997.0,90.0,24.88,49.36,50.0
1556709584.7640128,20.4,35.0,980.0,88.0,24.8,49.36,50.0
1556709587.5881743,20.4,35.0,949.0,83.0,24.88,49.36,50.0
1556709590.4163358,20.4,35.1,987.0,89.0,24.73,49.48,50.0
1556709593.2414975,20.4,35.1,845.0,67.0,24.83,49.46,50.0
1556709596.0116563,20.4,35.1,804.0,61.0,24.94,49.46,50.0
1556709598.8398178,20.4,35.1,787.0,58.0,24.79,49.46,50.0
1556709601.6669796,20.4,35.2,771.0,56.0,24.7,49.58,50.0
1556709604.4971416,20.4,35.2,765.0,55.0,24.56,49.58,50.0
1556709607.2622995,20.4,35.2,765.0,55.0,24.74,49.58,50.0
1556709610.0884614,20.4,35.2,765.0,55.0,24.68,49.58,50.0
1556709612.916623,20.4,35.2,787.0,58.0,24.61,49.68,50.0
1556709615.7417846,20.3,35.1,845.0,67.0,24.61,49.68,50.0
1556709618.5229435,20.3,35.2,874.0,72.0,24.56,49.78,50.0
1556709621.3531053,20.3,35.2,900.0,76.0,24.54,49.78,50.0
1556709624.1782672,20.3,35.2,863.0,70.0,24.63,49.78,50.0
1556709627.0014284,20.3,35.2,804.0,61.0,24.46,49.9,50.0
1556709629.7745872,20.3,35.2,838.0,66.0,24.43,49.9,50.0
1556709632.5997488,20.3,35.2,765.0,55.0,24.36,49.9,50.0
1556709635.4289105,20.3,35.3,733.0,50.0,24.28,50.0,50.0
1556709638.2550724,20.3,35.2,682.0,42.0,24.18,50.02,50.0
1556709641.0342312,20.3,35.3,695.0,44.0,24.31,50.1,50.0
1556709643.8653932,20.3,35.3,695.0,44.0,24.28,50.1,50.0
1556709646.743558,20.3,35.3,640.0,36.0,24.32,50.1,50.0
1556709649.4957154,20.2,35.2,656.0,39.0,24.2,50.23,50.0
1556709652.325877,20.2,35.2,688.0,43.0,24.08,50.32,50.0
1556709655.1010358,20.2,35.3,688.0,43.0,24.33,50.4,50.0
1556709657.9471986,20.2,35.3,621.0,33.0,23.88,50.55,50.0
1556709660.7693598,20.2,35.3,631.0,35.0,24.06,50.62,50.0
1556709663.5915213,20.2,35.3,644.0,37.0,24.05,50.62,50.0
1556709666.3676803,20.1,35.3,650.0,38.0,23.96,50.85,50.0
1556709669.1948419,20.1,35.3,688.0,43.0,24.06,50.82,50.0
1556709672.0190034,20.1,35.3,688.0,43.0,23.88,50.95,50.0
1556709674.8501656,20.1,35.4,695.0,44.0,24.05,50.92,50.0
1556709677.6153233,20.1,35.4,710.0,47.0,23.91,51.05,50.0
1556709680.4464855,20.1,35.4,746.0,52.0,23.91,51.15,50.0
1556709683.2796476,20.1,35.5,753.0,53.0,24.08,51.22,50.0
1556709686.050806,20.0,35.5,771.0,56.0,24.08,51.12,50.0
1556709688.9059694,20.0,35.5,787.0,58.0,24.05,51.22,50.0
1556709691.7281308,20.0,35.6,739.0,51.0,23.96,51.05,50.0
1556709694.5312912,20.0,35.6,746.0,52.0,24.16,50.92,50.0
1556709697.3174505,20.0,35.6,753.0,53.0,24.26,50.92,50.0
1556709700.1456122,20.0,35.6,757.0,54.0,24.13,50.92,50.0
1556709702.9727738,20.0,35.6,716.0,48.0,24.18,50.82,50.0
1556709705.808936,20.0,35.6,739.0,51.0,24.18,50.82,50.0
1556709708.569094,20.0,35.7,778.0,57.0,24.24,50.73,50.0
1556709711.5102623,20.0,35.7,818.0,63.0,24.08,50.73,50.0
1556709714.254419,20.0,35.7,863.0,70.0,24.14,50.73,50.0
1556709717.010577,20.0,35.7,863.0,70.0,24.32,50.8,50.0
1556709719.8347383,20.0,35.7,881.0,73.0,24.32,50.8,50.0
1556709722.6919017,20.0,35.8,928.0,80.0,24.16,50.73,50.0
1556709725.4690607,19.9,35.7,956.0,84.0,24.32,50.7,50.0
1556709728.2982223,20.0,35.8,1011.0,93.0,24.27,50.7,50.0
1556709731.1313846,20.0,35.8,949.0,83.0,24.23,50.62,50.0
1556709733.902543,20.0,35.8,863.0,70.0,24.27,50.6,50.0
1556709736.7387052,19.9,35.7,852.0,68.0,24.2,50.52,50.0
1556709739.5918684,19.9,35.7,771.0,56.0,24.32,50.5,50.0
1556709742.3380256,20.0,35.8,746.0,52.0,24.13,50.43,50.0
1556709745.163187,20.0,35.8,765.0,55.0,24.31,50.5,50.0
1556709747.9853487,20.0,35.8,765.0,55.0,24.16,50.52,50.0
1556709750.8125103,19.9,35.7,753.0,53.0,24.13,50.52,50.0
1556709753.6356716,19.9,35.7,726.0,49.0,24.09,50.52,50.0
1556709756.40683,19.9,35.8,695.0,44.0,24.2,50.52,50.0
1556709759.2309916,19.9,35.8,695.0,44.0,24.09,50.62,50.0
1556709762.0591533,19.9,35.8,682.0,42.0,24.13,50.52,50.0
1556709764.8813148,19.9,35.8,669.0,40.0,24.11,50.73,50.0
1556709767.7034762,19.9,35.8,695.0,44.0,24.08,50.73,50.0
1556709770.4746346,19.9,35.8,726.0,49.0,24.11,50.73,50.0
1556709773.3007965,19.9,35.8,695.0,44.0,24.08,50.73,50.0
1556709776.1269581,19.9,35.8,695.0,44.0,24.17,50.73,50.0
1556709778.9491196,19.9,35.8,669.0,40.0,24.06,50.73,50.0
1556709781.7722812,19.9,35.9,669.0,40.0,24.09,50.82,50.0
1556709784.5444396,19.9,35.9,640.0,36.0,23.94,50.85,50.0
1556709787.369601,19.9,35.9,631.0,35.0,24.08,50.92,50.0
1556709790.1927626,19.9,35.9,664.0,40.0,24.2,50.82,50.0
1556709793.0159242,19.9,35.9,695.0,44.0,23.8,50.97,50.0
1556709795.8390856,19.9,35.9,726.0,49.0,24.01,51.05,50.0
1556709798.661247,19.9,35.9,753.0,53.0,24.08,51.03,50.0
1556709801.4294052,19.8,35.9,765.0,55.0,23.98,50.95,50.0
1556709804.2555668,19.9,36.0,778.0,57.0,24.01,51.05,50.0
1556709807.0787284,19.9,36.0,771.0,56.0,24.01,51.05,50.0
1556709809.9008899,19.9,36.0,778.0,57.0,24.17,50.92,50.0
1556709812.7240512,19.8,35.9,778.0,57.0,24.01,50.95,50.0
1556709815.49821,19.8,36.0,778.0,57.0,24.2,51.03,50.0
1556709818.3223715,19.8,36.0,818.0,63.0,24.11,50.92,50.0
1556709821.1485333,19.8,36.0,845.0,67.0,24.18,50.92,50.0
1556709823.974695,19.8,36.0,830.0,65.0,24.35,50.9,50.0
1556709826.7998564,19.8,36.0,838.0,66.0,24.26,50.82,50.0
1556709829.5670147,19.8,36.0,830.0,65.0,24.24,50.82,50.0
1556709832.4501796,19.8,36.0,845.0,67.0,24.13,50.73,50.0
1556709835.203337,19.8,36.0,874.0,72.0,24.24,50.73,50.0
1556709838.0464995,19.8,36.1,845.0,67.0,24.43,50.7,50.0
1556709840.8216584,19.8,36.1,838.0,66.0,24.18,50.62,50.0
1556709843.64682,19.8,36.1,845.0,67.0,24.17,50.62,50.0
1556709846.4689815,19.8,36.1,852.0,68.0,24.18,50.62,50.0
1556709849.296143,19.8,36.1,852.0,68.0,24.28,50.6,50.0
1556709852.140306,19.8,36.1,874.0,72.0,24.2,50.62,50.0
1556709854.8934634,19.8,36.1,863.0,70.0,24.33,50.6,50.0
1556709857.7186248,19.8,36.1,863.0,70.0,24.31,50.6,50.0
1556709860.5437865,19.9,36.2,765.0,55.0,24.17,50.62,50.0
1556709863.370948,19.8,36.1,710.0,47.0,24.36,50.6,50.0
1556709866.2111106,19.8,36.1,682.0,42.0,24.13,50.62,50.0
1556709868.964268,19.8,36.1,688.0,43.0,24.05,50.82,50.0
1556709871.8364325,19.8,36.1,682.0,42.0,24.05,50.73,50.0
1556709874.5985901,19.9,36.2,650.0,38.0,24.03,50.82,50.0
1556709877.4307523,19.9,36.2,644.0,37.0,24.03,50.82,50.0
1556709880.2539139,19.9,36.2,621.0,33.0,23.91,50.95,50.0
1556709883.0850756,19.9,36.2,621.0,33.0,24.01,51.05,50.0
1556709885.8492339,19.8,36.1,610.0,31.0,23.86,51.05,50.0
1556709888.6833959,19.8,36.1,595.0,29.0,23.77,51.17,50.0
1556709891.5045574,19.8,36.1,584.0,28.0,23.77,51.27,50.0
1556709894.3297188,19.8,36.1,599.0,30.0,23.77,51.37,50.0
1556709897.1508803,19.8,36.1,589.0,28.0,23.71,51.57,50.0
1556709899.9750419,19.8,36.2,560.0,24.0,23.66,51.57,50.0
1556709902.9292107,19.8,36.2,560.0,24.0,23.49,51.7,50.0
1556709905.5663617,19.8,36.2,564.0,24.0,23.72,51.77,50.0
1556709908.4135244,19.8,36.2,589.0,28.0,23.56,51.79,50.0
1556709911.1756823,19.8,36.2,564.0,24.0,23.58,51.97,50.0
1556709914.005844,19.7,36.1,544.0,21.0,23.49,52.09,50.0
1556709916.837006,19.7,36.2,540.0,21.0,23.43,52.19,50.0
1556709919.663168,19.7,36.2,560.0,24.0,23.47,52.29,50.0
1556709922.4403267,19.7,36.2,560.0,24.0,23.44,52.29,50.0
1556709925.273489,19.7,36.2,560.0,24.0,23.24,52.42,50.0
1556709928.1016505,19.7,36.2,599.0,30.0,23.37,52.49,50.0
1556709930.9288123,19.6,36.2,631.0,35.0,23.47,52.39,50.0
1556709933.6999707,19.7,36.2,656.0,39.0,23.51,52.49,50.0
1556709936.5301325,19.6,36.2,644.0,37.0,23.54,52.49,50.0
1556709939.3572943,19.6,36.2,610.0,31.0,23.24,52.52,50.0
1556709942.1364534,19.6,36.3,603.0,30.0,23.32,52.52,50.0
1556709944.9646149,19.6,36.3,599.0,30.0,23.35,52.49,50.0
1556709947.7887766,19.6,36.3,548.0,22.0,23.4,52.49,50.0
1556709950.612938,19.6,36.3,533.0,20.0,23.32,52.62,50.0
1556709953.4360995,19.6,36.4,533.0,20.0,23.39,52.69,50.0
1556709956.205258,19.6,36.4,548.0,22.0,23.58,52.57,50.0
1556709959.1314254,19.6,36.4,560.0,24.0,23.5,52.69,50.0
1556709961.8865829,19.5,36.4,560.0,24.0,23.35,52.69,50.0
1556709964.669742,19.6,36.5,553.0,23.0,23.23,52.72,50.0
1556709967.5089045,19.5,36.4,564.0,24.0,23.46,52.79,50.0
1556709970.313065,19.5,36.4,553.0,23.0,23.56,52.79,50.0
1556709973.1052246,19.5,36.5,553.0,23.0,23.27,52.82,50.0
1556709975.9353867,19.5,36.5,533.0,20.0,23.44,52.89,50.0
1556709978.7635481,19.5,36.6,540.0,21.0,23.31,53.02,50.0
1556709981.537707,19.4,36.6,540.0,21.0,23.39,53.09,50.0
1556709984.3688688,19.4,36.6,548.0,22.0,23.13,53.12,50.0
1556709987.1950305,19.4,36.7,568.0,25.0,23.34,53.19,50.0
1556709989.9741893,19.4,36.7,595.0,29.0,23.18,53.31,32.0
1556709992.8063514,19.4,36.7,610.0,31.0,23.39,53.29,32.0
1556709995.6345131,19.4,36.8,564.0,24.0,23.24,53.22,62.0
1556709998.461675,19.4,36.8,560.0,24.0,23.21,53.31,62.0
1556710001.2308333,19.4,36.8,564.0,24.0,23.15,53.31,62.0
1556710004.072996,19.4,36.9,548.0,22.0,23.2,53.42,62.0
1556710006.9121583,19.3,36.8,564.0,24.0,23.16,53.52,62.0
1556710009.672316,19.3,36.8,589.0,28.0,23.24,53.61,62.0
1556710012.501478,19.3,36.9,616.0,32.0,23.35,53.59,62.0
1556710015.3296397,19.3,36.9,627.0,34.0,23.21,53.61,62.0
1556710018.1548014,19.3,37.0,631.0,35.0,23.43,53.39,62.0
1556710020.9769628,19.3,37.0,631.0,35.0,23.43,53.49,62.0
1556710023.7361205,19.3,37.0,664.0,40.0,23.16,53.52,62.0
1556710026.5612822,19.3,37.1,682.0,42.0,23.44,53.39,62.0
1556710029.3874438,19.3,37.1,682.0,42.0,23.44,53.29,62.0
1556710032.2106054,19.3,37.1,669.0,40.0,23.44,53.29,62.0
1556710035.0327668,19.3,37.1,669.0,40.0,23.41,53.29,62.0
1556710037.8139257,19.3,37.1,656.0,39.0,23.5,53.19,62.0
1556710040.6380873,19.3,37.1,621.0,33.0,23.31,53.12,62.0
1556710043.463249,19.3,37.1,631.0,35.0,23.4,53.09,62.0
1556710046.2854104,19.3,37.1,644.0,37.0,23.32,53.12,62.0
1556710049.1385734,19.3,37.1,631.0,35.0,23.43,52.99,62.0
1556710051.8847306,19.2,37.1,631.0,35.0,23.37,52.89,62.0
1556710054.7288933,19.3,37.1,682.0,42.0,23.65,52.97,62.0
1556710057.557055,19.3,37.1,675.0,41.0,23.71,52.87,62.0
1556710060.3252132,19.2,37.1,669.0,40.0,23.54,52.79,62.0
1556710063.1603754,19.2,37.1,669.0,40.0,23.49,52.89,62.0
1556710065.9905372,19.3,37.2,627.0,34.0,23.37,52.89,62.0
1556710068.7766967,19.3,37.2,603.0,30.0,23.51,52.89,62.0
1556710071.6168592,19.3,37.2,589.0,28.0,23.34,52.89,62.0
1556710074.4600217,19.2,37.2,599.0,30.0,23.56,52.99,62.0
1556710077.207179,19.2,37.2,621.0,33.0,23.54,52.99,62.0
1556710080.0363407,19.2,37.2,656.0,39.0,23.49,52.99,62.0
1556710082.8625023,19.2,37.2,675.0,41.0,23.49,52.99,62.0
1556710085.6846638,19.2,37.3,669.0,40.0,23.58,53.06,62.0
1556710088.5598283,19.2,37.3,705.0,46.0,23.64,52.97,62.0
1556710091.298985,19.3,37.4,675.0,41.0,23.58,52.97,62.0
1556710094.1241465,19.3,37.4,656.0,39.0,23.46,53.09,62.0
1556710097.0093114,19.3,37.5,631.0,35.0,23.56,53.19,62.0
1556710099.7504683,19.2,37.4,616.0,32.0,23.53,53.19,62.0
1556710102.6146321,19.2,37.4,656.0,39.0,23.64,53.17,62.0
1556710105.37679,19.3,37.5,669.0,40.0,23.5,53.19,62.0
1556710108.2029517,19.3,37.5,705.0,46.0,23.46,53.19,62.0
1556710111.0291133,19.3,37.5,695.0,44.0,23.41,53.09,62.0
1556710113.7942715,19.3,37.5,650.0,38.0,23.34,52.99,62.0
1556710116.6294336,19.2,37.4,644.0,37.0,23.56,52.89,62.0
1556710119.4535952,19.2,37.4,627.0,34.0,23.64,52.87,62.0
1556710122.280757,19.3,37.4,640.0,36.0,23.64,52.76,62.0
1556710125.044915,19.3,37.4,669.0,40.0,23.51,52.69,62.0
1556710127.8830774,19.3,37.4,688.0,43.0,23.61,52.67,62.0
1556710130.7162395,19.3,37.3,705.0,46.0,23.51,52.79,62.0
1556710133.5013988,19.3,37.3,710.0,47.0,23.68,52.67,62.0
1556710136.360562,19.3,37.3,716.0,48.0,23.71,52.76,62.0
1556710139.1137197,19.3,37.3,726.0,49.0,23.66,52.67,62.0
1556710141.9578824,19.3,37.3,739.0,51.0,23.77,52.67,62.0
1556710144.870049,19.3,37.3,746.0,52.0,23.95,52.44,62.0
1556710147.6092055,19.3,37.3,757.0,54.0,23.86,52.44,62.0
1556710150.374364,19.3,37.3,739.0,51.0,23.86,52.34,62.0
1556710153.2025256,19.3,37.3,695.0,44.0,23.84,52.34,62.0
1556710156.0316875,19.3,37.2,675.0,41.0,23.76,52.27,62.0
1556710158.8858507,19.3,37.2,682.0,42.0,23.66,52.17,62.0
1556710161.655009,19.3,37.2,640.0,36.0,23.72,52.27,62.0
1556710164.4811707,19.3,37.2,610.0,31.0,23.62,52.17,62.0
1556710167.319333,19.3,37.2,616.0,32.0,23.84,52.34,62.0
1556710170.078491,19.3,37.2,616.0,32.0,23.54,52.39,62.0
1556710172.9076526,19.3,37.2,656.0,39.0,23.51,52.39,62.0
1556710175.7308142,19.3,37.2,656.0,39.0,23.47,52.49,62.0
1556710178.5579758,19.3,37.2,650.0,38.0,23.8,52.47,62.0
1556710181.3451352,19.3,37.2,627.0,34.0,23.94,52.55,62.0
1556710184.190298,19.3,37.2,610.0,31.0,23.54,52.59,62.0
1556710186.9564562,19.3,37.2,621.0,33.0,23.61,52.57,62.0
1556710189.7966185,19.3,37.2,599.0,30.0,23.5,52.59,62.0
1556710192.61978,19.3,37.1,595.0,29.0,23.59,52.57,62.0
1556710195.4429417,19.3,37.1,578.0,27.0,23.5,52.69,62.0
1556710198.2161,19.3,37.1,589.0,28.0,23.59,52.67,62.0
1556710201.0532627,19.3,37.1,584.0,28.0,23.58,52.67,32.0
1556710203.8774242,19.3,37.1,574.0,26.0,23.28,52.92,32.0
1556710206.7145863,19.3,37.1,574.0,26.0,23.53,52.79,32.0
1556710209.4657435,19.3,37.1,574.0,26.0,23.43,52.89,32.0
1556710212.2919052,19.3,37.1,578.0,27.0,23.43,52.89,32.0
1556710215.116067,19.3,37.1,603.0,30.0,23.59,52.87,32.0
1556710217.9402285,19.3,37.1,621.0,33.0,23.44,52.79,50.0
1556710220.7723904,19.3,37.1,599.0,30.0,23.56,52.79,50.0
1556710223.5785508,19.3,37.1,589.0,28.0,23.51,52.79,50.0
1556710226.3967118,19.3,37.1,584.0,28.0,23.34,52.69,50.0
1556710229.1678705,19.3,37.1,553.0,23.0,23.34,52.79,50.0
1556710232.0050328,19.3,37.1,548.0,22.0,23.37,52.79,50.0
1556710234.8301945,19.3,37.1,560.0,24.0,23.4,52.69,50.0
1556710237.6533558,19.3,37.1,564.0,24.0,23.43,52.79,50.0
1556710240.437515,19.3,37.1,548.0,22.0,23.32,52.82,50.0
1556710243.2646768,19.3,37.1,540.0,21.0,23.46,52.89,50.0
1556710246.0948389,19.3,37.1,548.0,22.0,23.35,52.79,50.0
1556710248.8659973,19.3,37.1,544.0,21.0,23.39,52.99,50.0
1556710251.695159,19.3,37.1,553.0,23.0,23.25,53.02,50.0
1556710254.5343213,19.3,37.2,560.0,24.0,23.28,53.02,62.0
1556710257.3094802,19.2,37.1,560.0,24.0,23.4,53.09,62.0
1556710260.1436422,19.3,37.2,578.0,27.0,23.24,53.02,62.0
1556710262.9668038,19.3,37.2,578.0,27.0,23.44,52.99,62.0
1556710265.838968,19.2,37.1,574.0,26.0,23.41,53.09,62.0
1556710268.5941255,19.2,37.1,589.0,28.0,23.31,53.22,62.0
1556710271.416287,19.3,37.2,589.0,28.0,23.18,53.12,62.0
1556710274.1944458,19.2,37.1,595.0,29.0,23.4,53.19,62.0
1556710277.0256076,19.2,37.2,595.0,29.0,23.35,53.29,62.0
1556710279.8647704,19.2,37.2,603.0,30.0,23.44,53.19,62.0
1556710282.6339288,19.3,37.3,616.0,32.0,23.43,53.19,62.0
1556710285.4600904,19.3,37.3,616.0,32.0,23.35,53.19,32.0
1556710288.3022528,19.2,37.2,621.0,33.0,23.46,53.19,32.0
1556710291.0954125,19.3,37.3,627.0,34.0,23.37,53.09,50.0
1556710293.9295747,19.3,37.3,640.0,36.0,23.5,53.09,50.0
1556710296.9267461,19.3,37.3,664.0,40.0,23.44,53.09,50.0
1556710299.5908985,19.3,37.3,682.0,42.0,23.35,53.19,50.0
1556710302.4040594,19.2,37.3,675.0,41.0,23.39,53.09,50.0
1556710305.2352211,19.2,37.3,710.0,47.0,23.64,52.97,50.0
1556710307.9743779,19.3,37.4,695.0,44.0,23.51,52.99,50.0
1556710310.7965393,19.3,37.4,705.0,46.0,23.54,52.99,50.0
1556710313.6227012,19.3,37.4,688.0,43.0,23.72,52.97,50.0
1556710316.4448624,19.3,37.4,688.0,43.0,23.72,52.87,50.0
1556710319.2210212,19.2,37.3,688.0,43.0,23.72,52.87,50.0
1556710322.102186,19.2,37.3,705.0,46.0,23.72,52.76,50.0
1556710324.8403428,19.3,37.4,710.0,47.0,23.94,52.84,50.0
1556710327.6765049,19.2,37.3,726.0,49.0,23.79,52.76,50.0
1556710330.509667,19.3,37.4,739.0,51.0,23.8,52.57,50.0
1556710333.2958262,19.3,37.4,739.0,51.0,23.81,52.55,50.0
1556710336.1349888,19.3,37.4,733.0,50.0,23.87,52.55,32.0
1556710338.9671507,19.3,37.4,726.0,49.0,23.62,52.57,32.0
1556710341.7383091,19.3,37.4,726.0,49.0,23.86,52.44,62.0
1556710344.568471,19.3,37.4,710.0,47.0,23.88,52.44,32.0
1556710347.4236345,19.3,37.4,710.0,47.0,23.98,52.44,50.0
1556710350.1747916,19.3,37.4,710.0,47.0,23.77,52.57,50.0
1556710353.0229545,19.3,37.4,716.0,48.0,23.84,52.34,50.0
1556710355.8431158,19.3,37.4,688.0,43.0,23.79,52.47,50.0
1556710358.6102743,19.3,37.4,739.0,51.0,23.79,52.37,32.0
1556710361.4464364,19.3,37.4,705.0,46.0,23.86,52.34,50.0
1556710364.2815988,19.3,37.4,695.0,44.0,23.79,52.27,50.0
1556710367.1497626,19.3,37.4,688.0,43.0,23.87,52.25,50.0
1556710369.881919,19.3,37.3,669.0,40.0,23.79,52.27,50.0
1556710372.734082,19.4,37.4,656.0,39.0,23.74,52.27,50.0
1556710375.5882452,19.3,37.3,669.0,40.0,23.69,52.27,50.0
1556710378.342403,19.4,37.4,669.0,40.0,23.83,52.25,50.0
1556710381.1715646,19.4,37.4,664.0,40.0,23.9,52.25,32.0
1556710383.9457233,19.4,37.4,664.0,40.0,23.8,52.27,50.0
1556710386.7748852,19.4,37.4,656.0,39.0,23.79,52.27,50.0
1556710389.606047,19.4,37.4,669.0,40.0,23.74,52.27,50.0
1556710392.3912065,19.4,37.4,688.0,43.0,23.88,52.34,50.0
1556710395.2443697,19.4,37.4,695.0,44.0,23.77,52.37,50.0
1556710398.0245287,19.4,37.4,710.0,47.0,24.14,52.12,50.0
1556710400.8536904,19.4,37.3,726.0,49.0,24.03,52.22,62.0
1556710403.6868525,19.4,37.3,675.0,41.0,23.86,52.25,62.0
1556710406.4670117,19.4,37.4,669.0,40.0,23.83,52.25,50.0
1556710409.3041737,19.4,37.3,688.0,43.0,24.14,52.32,50.0
1556710412.1353357,19.4,37.3,669.0,40.0,23.87,52.25,50.0
1556710414.8944933,19.4,37.4,664.0,40.0,23.74,52.37,50.0
1556710417.7236555,19.4,37.3,669.0,40.0,24.01,52.34,74.0
1556710420.553817,19.4,37.3,695.0,44.0,23.87,52.34,74.0
1556710423.380979,19.4,37.3,710.0,47.0,23.9,52.34,74.0
1556710426.1481373,19.4,37.3,710.0,47.0,23.99,52.34,57.0
1556710428.9732988,19.4,37.3,710.0,47.0,23.91,52.14,57.0
1556710431.7964604,19.5,37.4,746.0,52.0,23.98,52.14,74.0
1556710434.620622,19.4,37.3,716.0,48.0,23.99,52.04,74.0
1556710437.442783,19.4,37.3,656.0,39.0,23.91,52.04,74.0
1556710440.2639444,19.4,37.3,644.0,37.0,23.96,52.04,74.0
1556710443.035103,19.4,37.2,669.0,40.0,23.87,52.04,74.0
1556710445.8632648,19.4,37.2,716.0,48.0,24.06,52.02,74.0
1556710448.6864264,19.5,37.3,765.0,55.0,24.14,51.92,74.0
1556710451.5115879,19.5,37.2,796.0,60.0,24.05,51.92,74.0
1556710454.3367493,19.5,37.2,796.0,60.0,24.01,51.84,74.0
1556710457.1069078,19.5,37.2,778.0,57.0,24.13,51.82,74.0
1556710459.9320693,19.5,37.2,796.0,60.0,24.33,51.79,74.0
1556710462.757231,19.5,37.2,771.0,56.0,24.36,51.7,74.0
1556710465.5803924,19.5,37.2,765.0,55.0,24.32,51.59,74.0
1556710468.6035655,19.5,37.2,757.0,54.0,24.35,51.5,74.0
1556710471.2257154,19.5,37.1,765.0,55.0,24.36,51.5,74.0
1556710473.9908736,19.5,37.1,778.0,57.0,24.42,51.29,74.0
1556710476.8170352,19.5,37.1,778.0,57.0,24.35,51.2,74.0
1556710479.6411967,19.5,37.1,757.0,54.0,24.32,51.2,74.0
1556710482.4673584,19.5,37.1,739.0,51.0,24.28,51.1,74.0
1556710485.2895198,19.6,37.1,733.0,50.0,24.51,50.98,74.0
1556710488.0616784,19.6,37.1,739.0,51.0,24.31,51.0,74.0
1556710490.88784,19.6,37.0,739.0,51.0,24.38,51.0,74.0
1556710493.7110016,19.6,37.0,739.0,51.0,24.46,51.0,74.0
1556710496.5381632,19.6,37.0,716.0,48.0,24.35,51.0,74.0
1556710499.3603246,19.6,37.0,695.0,44.0,24.38,50.9,74.0
1556710502.128483,19.6,37.0,664.0,40.0,24.21,50.92,74.0
1556710504.9536445,19.6,36.9,675.0,41.0,24.28,50.8,74.0
1556710507.7768059,19.6,36.9,705.0,46.0,24.39,50.8,74.0
1556710510.6029677,19.6,36.9,739.0,51.0,24.26,50.82,74.0
1556710513.427129,19.6,36.8,726.0,49.0,24.21,50.82,74.0
1556710516.2482905,19.6,36.8,726.0,49.0,24.24,50.82,74.0
1556710519.016449,19.6,36.8,710.0,47.0,24.33,50.8,74.0
1556710521.8416104,19.6,36.8,682.0,42.0,24.21,50.82,74.0
1556710524.665772,19.6,36.7,688.0,43.0,24.21,50.73,74.0
1556710527.493934,19.6,36.7,705.0,46.0,24.39,50.8,74.0
1556710530.3170955,19.6,36.7,695.0,44.0,24.35,50.7,74.0
1556710533.0872538,19.6,36.7,644.0,37.0,24.32,50.7,74.0
1556710535.9204156,19.6,36.6,621.0,33.0,24.39,50.8,74.0
1556710538.742577,19.6,36.6,616.0,32.0,24.2,50.82,74.0
1556710541.569739,19.6,36.6,603.0,30.0,24.11,50.82,74.0
1556710544.3458977,19.6,36.6,616.0,32.0,24.09,50.82,74.0
1556710547.1700592,19.6,36.5,599.0,30.0,24.21,50.82,74.0
1556710549.9972208,19.6,36.5,603.0,30.0,24.08,50.92,74.0
1556710552.8193822,19.7,36.6,603.0,30.0,24.13,50.92,74.0
1556710555.6435437,19.6,36.5,595.0,29.0,24.06,51.03,74.0
1556710558.4147024,19.6,36.5,610.0,31.0,24.03,51.03,74.0
1556710561.240864,19.6,36.5,644.0,37.0,24.09,51.12,74.0
1556710564.0630255,19.6,36.5,669.0,40.0,24.11,51.12,74.0
1556710566.889187,19.6,36.5,669.0,40.0,24.01,51.15,45.0
1556710569.7133486,19.6,36.5,664.0,40.0,24.27,51.2,45.0
1556710572.4865072,19.6,36.5,656.0,39.0,24.05,51.22,63.0
1556710575.3116686,19.6,36.5,644.0,37.0,23.88,51.25,63.0
1556710578.1348302,19.6,36.5,644.0,37.0,23.98,51.25,63.0
1556710580.9569917,19.6,36.5,650.0,38.0,24.32,51.2,63.0
1556710583.7821531,19.6,36.5,664.0,40.0,24.06,51.22,63.0
1556710586.6053147,19.6,36.5,669.0,40.0,24.33,51.2,63.0
1556710589.369473,19.6,36.5,675.0,41.0,24.24,51.12,63.0
1556710592.1966345,19.6,36.5,675.0,41.0,24.24,51.12,63.0
1556710595.0287967,19.6,36.5,650.0,38.0,24.26,51.03,63.0
1556710597.8539581,19.6,36.5,664.0,40.0,24.32,50.9,74.0
1556710600.629117,19.6,36.5,656.0,39.0,24.14,51.03,74.0
1556710603.4532785,19.6,36.5,650.0,38.0,24.03,50.92,74.0
1556710606.27544,19.6,36.5,656.0,39.0,24.16,51.03,74.0
1556710609.098601,19.6,36.5,644.0,37.0,24.09,50.92,57.0
1556710611.9207625,19.6,36.5,627.0,34.0,24.18,51.03,32.0
1556710614.7459242,19.6,36.5,603.0,30.0,24.23,50.92,32.0
1556710617.5090823,19.6,36.5,599.0,30.0,24.14,51.03,57.0
1556710620.3332438,19.6,36.5,599.0,30.0,24.28,51.1,74.0
1556710623.1574054,19.6,36.5,616.0,32.0,24.11,51.12,57.0
1556710625.9795668,19.6,36.5,644.0,37.0,24.08,51.12,57.0
1556710628.8027282,19.6,36.5,664.0,40.0,24.23,51.22,57.0
1556710631.6258898,19.6,36.5,644.0,37.0,24.08,51.12,57.0
1556710634.3980484,19.6,36.5,650.0,38.0,24.32,51.1,57.0
1556710637.2222097,19.6,36.5,656.0,39.0,24.02,51.15,57.0
1556710640.0433712,19.6,36.5,664.0,40.0,24.24,51.12,57.0
1556710642.8675327,19.6,36.5,631.0,35.0,24.02,51.15,57.0
1556710645.6886942,19.6,36.5,621.0,33.0,24.06,51.22,57.0
1556710648.5118556,19.6,36.5,621.0,33.0,23.8,51.27,57.0
1556710651.2780137,19.6,36.5,603.0,30.0,23.96,51.25,57.0
1556710654.1001754,19.6,36.5,599.0,30.0,23.76,51.37,57.0
1556710656.927337,19.6,36.5,595.0,29.0,23.81,51.35,57.0
1556710659.7514985,19.6,36.6,610.0,31.0,23.81,51.45,57.0
1556710662.57566,19.6,36.6,621.0,33.0,23.66,51.57,57.0
1556710665.3468184,19.6,36.6,610.0,31.0,23.8,51.67,57.0
1556710668.1739802,19.6,36.6,610.0,31.0,23.99,51.54,57.0
1556710670.996142,19.6,36.6,610.0,31.0,23.95,51.65,57.0
1556710673.8203032,19.6,36.6,616.0,32.0,23.95,51.65,57.0
1556710676.6464648,19.6,36.6,610.0,31.0,23.88,51.65,57.0
1556710679.4166234,19.6,36.7,589.0,28.0,23.94,51.54,57.0
1556710682.243785,19.5,36.6,599.0,30.0,23.77,51.57,57.0
1556710685.0679464,19.5,36.6,610.0,31.0,23.99,51.54,86.0
1556710687.891108,19.5,36.6,621.0,33.0,24.05,51.62,86.0
1556710690.72127,19.5,36.6,640.0,36.0,24.05,51.52,86.0
1556710693.4874282,19.5,36.6,650.0,38.0,24.11,51.52,86.0
1556710696.3095894,19.5,36.6,650.0,38.0,23.98,51.54,86.0
1556710699.1357512,19.5,36.6,621.0,33.0,23.8,51.47,68.0
1556710701.9599128,19.5,36.6,621.0,33.0,23.9,51.45,68.0
1556710704.7830744,19.5,36.6,621.0,33.0,24.03,51.32,68.0
1556710707.6072357,19.5,36.6,631.0,35.0,24.03,51.42,68.0
1556710710.3673935,19.5,36.6,621.0,33.0,24.08,51.42,68.0
1556710713.2105563,19.5,36.7,616.0,32.0,24.01,51.45,68.0
1556710716.0337179,19.5,36.7,603.0,30.0,23.86,51.54,68.0
1556710718.855879,19.5,36.7,599.0,30.0,23.88,51.54,68.0
1556710721.6270378,19.5,36.7,595.0,29.0,23.95,51.54,68.0
1556710724.4541993,19.5,36.7,599.0,30.0,24.13,51.52,68.0
1556710727.277361,19.5,36.7,589.0,28.0,23.83,51.54,68.0
1556710730.0995224,19.5,36.8,589.0,28.0,24.08,51.52,68.0
1556710732.9226837,19.5,36.8,584.0,28.0,23.99,51.54,68.0
1556710735.7448452,19.5,36.8,589.0,28.0,23.95,51.54,68.0
1556710738.5700068,19.5,36.8,589.0,28.0,24.05,51.52,68.0
1556710741.3241642,19.5,36.8,578.0,27.0,23.53,51.7,68.0
1556710744.1453257,19.4,36.7,578.0,27.0,23.8,51.47,68.0
1556710746.968487,19.4,36.7,574.0,26.0,23.84,51.45,50.0
1556710749.7776477,19.4,36.7,574.0,26.0,23.72,51.57,44.0
1556710752.61281,19.4,36.7,574.0,26.0,23.8,51.67,44.0
1556710755.4399717,19.4,36.7,568.0,25.0,23.81,51.65,26.0
1556710758.2631328,19.4,36.7,589.0,28.0,23.77,51.77,26.0
1556710761.0362916,19.4,36.7,610.0,31.0,23.81,51.84,44.0
1556710763.857453,19.4,36.8,621.0,33.0,23.69,51.87,44.0
1556710766.6796145,19.4,36.8,616.0,32.0,23.76,51.87,44.0
1556710769.5267773,19.4,36.8,627.0,34.0,23.79,51.77,44.0
1556710772.2959356,19.4,36.8,599.0,30.0,23.79,51.87,44.0
1556710775.1250975,19.4,36.8,595.0,29.0,23.79,51.97,22.0
1556710777.952259,19.4,36.8,599.0,30.0,23.86,51.84,22.0
1556710780.7754207,19.4,36.8,610.0,31.0,24.01,51.84,22.0
1556710783.542579,19.4,36.8,616.0,32.0,23.9,51.95,22.0
1556710786.3647404,19.4,36.9,616.0,32.0,23.87,51.84,22.0
1556710789.188902,19.4,36.9,627.0,34.0,23.91,51.84,22.0
1556710792.0500655,19.4,36.9,631.0,35.0,23.87,51.84,22.0
1556710794.7942226,19.4,37.0,631.0,35.0,24.03,51.82,32.0
1556710797.6243844,19.4,37.0,640.0,36.0,24.16,51.82,32.0
1556710800.4525461,19.4,37.0,650.0,38.0,24.16,51.82,32.0
1556710803.3037093,19.4,37.0,656.0,39.0,24.11,51.82,32.0
1556710806.0958688,19.4,37.0,656.0,39.0,24.01,51.75,32.0
1556710808.9390316,19.4,37.0,656.0,39.0,23.94,51.75,32.0
1556710811.6871886,19.4,37.0,664.0,40.0,24.16,51.62,32.0
1556710814.5343516,19.4,37.0,669.0,40.0,24.17,51.62,32.0
1556710817.3345115,19.4,37.0,669.0,40.0,24.09,51.52,32.0
1556710820.1626735,19.4,37.1,656.0,39.0,24.08,51.52,32.0
1556710822.9448326,19.4,37.0,616.0,32.0,23.98,51.45,32.0
1556710825.7789948,19.4,37.0,621.0,33.0,23.86,51.54,32.0
1556710828.6431584,19.4,37.0,621.0,33.0,24.18,51.52,32.0
1556710831.3733149,19.4,37.0,644.0,37.0,24.11,51.62,32.0
1556710834.2194774,19.4,37.0,656.0,39.0,24.13,51.52,32.0
1556710837.0466392,19.4,37.0,650.0,38.0,24.03,51.52,68.0
1556710839.8277984,19.4,37.1,631.0,35.0,24.01,51.54,32.0
1556710842.65596,19.4,37.0,640.0,36.0,23.83,51.65,32.0
1556710845.4911222,19.4,37.1,644.0,37.0,24.03,51.62,32.0
1556710848.269281,19.4,37.1,640.0,36.0,24.14,51.62,32.0
1556710851.1384454,19.4,37.1,650.0,38.0,23.81,51.65,32.0
1556710853.9116037,19.4,37.1,640.0,36.0,24.13,51.72,32.0
1556710856.7697675,19.4,37.1,631.0,35.0,24.11,51.62,32.0
1556710859.5309253,19.4,37.1,621.0,33.0,23.84,51.65,32.0
1556710862.393089,19.4,37.1,610.0,31.0,23.98,51.54,32.0
1556710865.1482465,19.4,37.0,603.0,30.0,23.81,51.54,32.0
1556710867.989409,19.4,37.0,578.0,27.0,24.02,51.45,32.0
1556710870.820571,19.4,37.0,584.0,28.0,24.05,51.32,32.0
1556710873.618731,19.4,36.9,578.0,27.0,23.84,51.35,32.0
1556710876.4478927,19.5,37.0,578.0,27.0,23.79,51.37,32.0
1556710879.2590535,19.4,36.9,589.0,28.0,24.02,51.45,32.0
1556710882.0262117,19.4,36.9,589.0,28.0,23.65,51.47,32.0
1556710884.8543737,19.4,36.9,595.0,29.0,23.96,51.45,32.0
1556710887.6965363,19.4,36.9,610.0,31.0,23.87,51.54,32.0
1556710890.5627,19.4,36.9,610.0,31.0,23.9,51.54,32.0
1556710893.2928562,19.4,36.9,599.0,30.0,23.65,51.67,32.0
1556710896.1280184,19.4,36.9,584.0,28.0,23.8,51.67,32.0
1556710898.95318,19.4,36.8,568.0,25.0,23.84,51.65,32.0
1556710901.785342,19.4,36.8,560.0,24.0,23.61,51.67,32.0
1556710904.5535004,19.4,36.8,553.0,23.0,23.65,51.77,32.0
1556710907.3916626,19.4,36.8,548.0,22.0,23.72,51.87,32.0
1556710910.178822,19.4,36.8,553.0,23.0,23.72,51.87,32.0
1556710913.1039896,19.4,36.8,544.0,21.0,23.56,51.89,32.0
1556710915.8281453,19.4,36.8,533.0,20.0,23.51,52.0,32.0
1556710918.654307,19.4,36.8,533.0,20.0,23.53,52.09,32.0
1556710921.434466,19.4,36.9,533.0,20.0,23.49,52.09,32.0
1556710924.2656279,19.3,36.8,544.0,21.0,23.58,52.27,32.0
1556710927.0997899,19.3,36.8,548.0,22.0,23.49,52.29,32.0
1556710929.8769488,19.3,36.8,553.0,23.0,23.54,52.29,32.0
1556710932.7061107,19.3,36.8,564.0,24.0,23.54,52.39,32.0
1556710935.551273,19.3,36.8,574.0,26.0,23.51,52.39,32.0
1556710938.3344326,19.3,36.8,578.0,27.0,23.51,52.49,32.0
1556710941.1615942,19.3,36.8,584.0,28.0,23.49,52.49,32.0
1556710943.991756,19.3,36.9,595.0,29.0,23.41,52.59,32.0
1556710946.7629147,19.3,36.9,589.0,28.0,23.51,52.59,32.0
1556710949.5940764,19.3,36.9,578.0,27.0,23.53,52.59,32.0
1556710952.4512398,19.3,37.0,574.0,26.0,23.35,52.69,32.0
1556710955.2203984,19.2,36.9,578.0,27.0,23.53,52.69,32.0
1556710958.0975628,19.2,37.0,584.0,28.0,23.62,52.76,32.0
1556710960.84072,19.2,37.0,578.0,27.0,23.35,52.79,32.0
1556710963.6668816,19.2,37.0,568.0,25.0,23.54,52.79,32.0
1556710966.506044,19.2,37.0,560.0,24.0,23.49,52.79,32.0
1556710969.269202,19.2,37.0,564.0,24.0,23.39,52.79,32.0
1556710972.0993638,19.2,37.1,564.0,24.0,23.5,52.89,32.0
1556710974.9285257,19.2,37.1,568.0,25.0,23.56,52.89,32.0
1556710977.7186852,19.2,37.2,568.0,25.0,23.49,52.99,32.0
1556710980.5478468,19.2,37.2,564.0,24.0,23.49,52.89,32.0
1556710983.3740087,19.2,37.2,560.0,24.0,23.46,52.99,32.0
1556710986.1951702,19.2,37.2,553.0,23.0,23.59,52.87,74.0
1556710988.9663286,19.2,37.3,560.0,24.0,23.41,52.89,74.0
1556710991.7904902,19.2,37.3,553.0,23.0,23.49,52.89,74.0
1556710994.6146517,19.2,37.3,564.0,24.0,23.2,52.92,74.0
1556710997.437813,19.1,37.2,568.0,25.0,23.31,53.02,74.0
1556711000.2599745,19.1,37.2,560.0,24.0,23.34,52.89,74.0
1556711003.032133,19.1,37.2,564.0,24.0,23.31,52.92,74.0
1556711005.8572946,19.1,37.2,568.0,25.0,23.37,52.89,74.0
1556711008.6864562,19.1,37.2,564.0,24.0,23.35,52.99,74.0
1556711011.5106182,19.1,37.2,568.0,25.0,23.31,52.82,74.0
1556711014.3347795,19.1,37.2,568.0,25.0,23.28,52.82,74.0
1556711017.157941,19.1,37.2,568.0,25.0,23.35,52.89,74.0
1556711019.9300995,19.1,37.3,568.0,25.0,23.13,52.92,74.0
1556711022.7642617,19.1,37.3,574.0,26.0,23.2,53.12,74.0
1556711025.5914233,19.1,37.3,584.0,28.0,23.25,53.02,74.0
1556711028.3595817,19.1,37.3,578.0,27.0,23.39,52.99,74.0
1556711031.1817431,19.1,37.3,574.0,26.0,23.21,53.12,74.0
1556711034.0049047,19.1,37.3,578.0,27.0,23.35,52.99,74.0
1556711036.826066,19.1,37.3,574.0,26.0,23.23,53.02,74.0
1556711039.6482272,19.1,37.4,578.0,27.0,23.32,53.22,74.0
1556711042.472389,19.1,37.4,560.0,24.0,23.37,53.09,74.0
1556711045.2455475,19.1,37.4,564.0,24.0,23.24,53.22,74.0
1556711048.0687091,19.1,37.4,564.0,24.0,23.13,53.22,74.0
1556711050.9048712,19.1,37.5,568.0,25.0,23.27,53.12,57.0
1556711053.7280328,19.1,37.5,568.0,25.0,23.25,53.12,22.0
1556711056.566195,19.1,37.5,578.0,27.0,23.25,53.22,32.0
1556711059.345354,19.0,37.4,584.0,28.0,23.41,53.19,32.0
1556711062.1685154,19.0,37.5,589.0,28.0,23.74,53.06,32.0
1556711064.9936771,19.1,37.5,589.0,28.0,23.47,53.09,32.0
1556711067.7728362,19.1,37.5,599.0,30.0,23.5,53.09,32.0
1556711070.679002,19.1,37.5,610.0,31.0,23.68,53.06,32.0
1556711073.5411658,19.0,37.5,616.0,32.0,23.46,52.99,32.0
1556711076.2443206,19.0,37.5,621.0,33.0,23.59,52.87,22.0
1556711079.0754826,19.1,37.5,631.0,35.0,23.62,52.87,22.0
1556711081.8676422,19.0,37.5,631.0,35.0,23.71,52.67,22.0
1556711084.7238054,19.1,37.5,640.0,36.0,23.58,52.76,22.0
1556711087.4739628,19.1,37.5,627.0,34.0,23.65,52.67,22.0
1556711090.3141253,19.1,37.6,650.0,38.0,23.62,52.57,22.0
1556711093.1412868,19.1,37.6,669.0,40.0,23.98,52.55,32.0
1556711095.919446,19.1,37.6,675.0,41.0,23.69,52.47,22.0
1556711098.7626083,19.1,37.6,695.0,44.0,23.74,52.47,22.0
1556711101.5507681,19.1,37.6,682.0,42.0,23.8,52.47,22.0
1556711104.398931,19.1,37.6,675.0,41.0,23.76,52.37,22.0
1556711107.233093,19.1,37.6,695.0,44.0,23.61,52.37,22.0
1556711109.9902508,19.1,37.6,695.0,44.0,23.96,52.34,50.0
1556711112.8394134,19.1,37.6,710.0,47.0,23.98,52.25,50.0
1556711115.6135724,19.1,37.6,710.0,47.0,23.99,52.25,22.0
1556711118.4437342,19.1,37.6,695.0,44.0,23.8,52.27,22.0
1556711121.2738962,19.1,37.6,688.0,43.0,24.14,52.02,22.0
1556711124.0490546,19.2,37.7,682.0,42.0,24.06,52.02,22.0
1556711126.887217,19.1,37.6,682.0,42.0,23.95,51.84,22.0
1556711129.715379,19.2,37.6,664.0,40.0,24.14,51.92,22.0
1556711132.6075444,19.2,37.6,682.0,42.0,24.09,51.82,22.0
1556711135.3507013,19.2,37.6,682.0,42.0,24.18,51.72,22.0
1556711138.1198597,19.2,37.6,695.0,44.0,24.23,51.72,22.0
1556711140.9490213,19.2,37.6,695.0,44.0,24.39,51.59,22.0
1556711143.7991843,19.2,37.6,705.0,46.0,24.26,51.62,22.0
1556711146.5803435,19.2,37.6,710.0,47.0,24.23,51.52,32.0
1556711149.4235063,19.2,37.6,710.0,47.0,24.26,51.52,32.0
1556711152.2106655,19.2,37.5,710.0,47.0,24.32,51.4,32.0
1556711155.0418277,19.3,37.6,710.0,47.0,24.27,51.4,32.0
1556711157.867989,19.2,37.5,710.0,47.0,24.35,51.4,32.0
1556711160.6581485,19.3,37.6,695.0,44.0,24.13,51.32,32.0
1556711163.5223124,19.3,37.6,644.0,37.0,24.16,51.32,32.0
1556711166.2704697,19.3,37.6,640.0,36.0,24.06,51.32,32.0
1556711169.1186328,19.3,37.6,627.0,34.0,24.02,51.45,32.0
1556711171.8977914,19.3,37.5,621.0,33.0,24.13,51.52,32.0
1556711174.7299535,19.3,37.5,631.0,35.0,24.2,51.62,32.0
1556711177.5561152,19.3,37.5,621.0,33.0,24.09,51.52,32.0
1556711180.3442748,19.3,37.5,640.0,36.0,24.09,51.62,68.0
1556711183.1774366,19.3,37.5,631.0,35.0,24.09,51.62,68.0
1556711186.016599,19.3,37.5,631.0,35.0,24.2,51.72,68.0
1556711188.7967582,19.3,37.5,640.0,36.0,24.03,51.72,50.0
1556711191.6189196,19.3,37.5,650.0,38.0,24.16,51.72,22.0
1556711194.442081,19.3,37.4,650.0,38.0,24.18,51.62,74.0
1556711197.2642424,19.3,37.4,644.0,37.0,24.13,51.72,74.0
1556711200.0314007,19.3,37.3,656.0,39.0,24.11,51.52,74.0
1556711202.8575623,19.4,37.4,656.0,39.0,24.18,51.62,74.0
1556711205.682724,19.4,37.4,656.0,39.0,24.14,51.62,74.0
1556711208.5078855,19.4,37.4,664.0,40.0,24.24,51.62,74.0
1556711211.330047,19.4,37.4,675.0,41.0,24.18,51.52,74.0
1556711214.1002054,19.4,37.4,669.0,40.0,24.2,51.52,74.0
1556711216.925367,19.4,37.4,675.0,41.0,24.03,51.62,74.0
1556711219.7505286,19.4,37.4,682.0,42.0,24.09,51.62,74.0
1556711222.57269,19.4,37.4,682.0,42.0,24.28,51.5,74.0
1556711225.3948514,19.4,37.4,688.0,43.0,24.2,51.62,74.0
1556711228.2200131,19.4,37.3,695.0,44.0,24.18,51.52,74.0
1556711230.9901714,19.4,37.3,669.0,40.0,23.98,51.45,74.0
1556711233.813333,19.4,37.3,656.0,39.0,24.24,51.52,74.0
1556711236.6364944,19.4,37.3,650.0,38.0,24.26,51.52,74.0
1556711239.4606562,19.4,37.3,656.0,39.0,24.27,51.4,74.0
1556711242.2848175,19.4,37.3,656.0,39.0,24.14,51.42,74.0
1556711245.054976,19.4,37.2,656.0,39.0,24.31,51.29,74.0
1556711247.8831377,19.4,37.2,644.0,37.0,24.18,51.32,74.0
1556711250.7082992,19.4,37.2,631.0,35.0,24.2,51.42,74.0
1556711253.533461,19.4,37.2,627.0,34.0,24.09,51.42,74.0
1556711256.3566222,19.4,37.2,627.0,34.0,24.13,51.42,74.0
1556711259.1287808,19.4,37.2,644.0,37.0,24.05,51.42,57.0
1556711261.9529426,19.4,37.2,650.0,38.0,24.2,51.42,57.0
1556711264.775104,19.4,37.2,627.0,34.0,24.2,51.52,57.0
1556711267.5972655,19.5,37.3,621.0,33.0,24.14,51.42,57.0
1556711270.4204268,19.5,37.2,621.0,33.0,24.06,51.42,57.0
1556711273.2465885,19.5,37.2,631.0,35.0,24.26,51.42,57.0
1556711276.021747,19.5,37.2,640.0,36.0,24.2,51.52,74.0
1556711278.8519092,19.5,37.2,644.0,37.0,24.16,51.42,74.0
1556711281.6900713,19.5,37.2,650.0,38.0,24.17,51.32,74.0
1556711284.513233,19.5,37.1,656.0,39.0,24.2,51.32,74.0
1556711287.26239,19.5,37.1,644.0,37.0,24.18,51.42,74.0
1556711290.089552,19.5,37.1,669.0,40.0,24.26,51.32,74.0
1556711292.9147134,19.5,37.1,682.0,42.0,24.32,51.29,74.0
1556711295.738875,19.5,37.1,682.0,42.0,24.38,51.2,74.0
1556711298.5630364,19.5,37.1,664.0,40.0,24.27,51.2,74.0
1556711301.3851979,19.5,37.1,656.0,39.0,24.38,51.2,74.0
1556711304.1473558,19.5,37.1,650.0,38.0,24.31,51.1,92.0
1556711306.9715173,19.5,37.1,621.0,33.0,24.24,51.22,63.0
1556711309.8116798,19.5,37.1,627.0,34.0,24.35,51.2,63.0
1556711312.6408417,19.5,37.1,631.0,35.0,24.13,51.32,63.0
1556711315.411,19.5,37.1,621.0,33.0,23.96,51.25,63.0
1556711318.2351615,19.5,37.0,616.0,32.0,24.21,51.32,63.0
1556711321.059323,19.5,37.1,621.0,33.0,23.9,51.45,63.0
1556711323.8864846,19.5,37.1,616.0,32.0,24.05,51.42,81.0
1556711326.7096462,19.5,37.1,616.0,32.0,24.02,51.54,81.0
1556711329.479805,19.5,37.1,627.0,34.0,24.06,51.62,81.0
1556711332.3059664,19.5,37.0,610.0,31.0,24.13,51.62,81.0
1556711335.132128,19.5,37.0,610.0,31.0,24.18,51.62,81.0
1556711337.9552896,19.5,37.0,603.0,30.0,24.05,51.62,81.0
1556711340.780451,19.5,37.0,595.0,29.0,24.13,51.52,81.0
1556711343.5506096,19.5,37.0,589.0,28.0,24.03,51.62,52.0
1556711346.3777714,19.5,37.0,599.0,30.0,24.08,51.62,63.0
1556711349.2839375,19.5,37.0,589.0,28.0,24.23,51.62,45.0
1556711352.0600963,19.5,37.0,578.0,27.0,23.88,51.65,63.0
1556711354.9022586,19.5,37.0,578.0,27.0,23.9,51.65,39.0
1556711357.6754177,19.5,37.0,589.0,28.0,23.98,51.54,35.0
1556711360.5255806,19.5,37.0,589.0,28.0,23.9,51.65,35.0
1556711363.3267407,19.5,36.9,578.0,27.0,23.98,51.65,35.0
1556711366.0998993,19.5,36.9,574.0,26.0,23.83,51.65,35.0
1556711368.9140604,19.5,36.9,574.0,26.0,23.99,51.65,35.0
1556711371.6932194,19.5,36.9,589.0,28.0,24.01,51.75,35.0
1556711374.589385,19.5,36.9,599.0,30.0,23.94,51.75,35.0
1556711377.335542,19.5,36.9,610.0,31.0,23.96,51.84,35.0
1556711380.1597035,19.5,37.0,595.0,29.0,24.01,51.75,35.0
1556711382.9988658,19.5,37.0,599.0,30.0,23.79,51.87,35.0
1556711385.7540233,19.5,37.0,616.0,32.0,23.94,51.84,35.0
1556711388.5911856,19.5,37.0,640.0,36.0,24.03,52.02,35.0
1556711391.4483492,19.5,37.1,669.0,40.0,24.08,52.02,35.0
1556711394.1985066,19.5,37.1,650.0,38.0,23.99,51.95,35.0
1556711397.0286684,19.5,37.1,621.0,33.0,23.86,52.04,35.0
1556711399.8618305,19.5,37.1,656.0,39.0,24.27,52.0,35.0
1556711402.685992,19.5,37.2,710.0,47.0,24.01,52.14,35.0
1556711405.5111535,19.5,37.3,664.0,40.0,24.11,52.12,35.0
1556711408.2693112,19.4,37.2,656.0,39.0,23.98,52.14,35.0
1556711411.1004732,19.5,37.3,682.0,42.0,24.02,52.14,35.0
1556711413.9236348,19.5,37.3,650.0,38.0,23.99,52.14,35.0
1556711416.760797,19.5,37.3,621.0,33.0,24.01,52.14,35.0
1556711419.5319555,19.5,37.4,610.0,31.0,24.11,52.22,35.0
1556711422.3631172,19.5,37.4,610.0,31.0,24.02,52.25,35.0
1556711425.1882792,19.4,37.4,610.0,31.0,24.06,52.32,35.0
1556711428.0174408,19.4,37.4,610.0,31.0,24.13,52.32,35.0
1556711430.7885993,19.4,37.4,603.0,30.0,24.03,52.32,35.0
1556711433.6187613,19.4,37.4,595.0,29.0,23.98,52.34,35.0
1556711436.4799247,19.4,37.4,610.0,31.0,23.98,52.34,35.0
1556711439.243083,19.4,37.4,610.0,31.0,23.99,52.34,35.0
1556711442.0682445,19.4,37.4,610.0,31.0,24.08,52.32,35.0
1556711444.9054067,19.4,37.4,603.0,30.0,23.94,52.34,35.0
1556711447.6685648,19.4,37.5,603.0,30.0,23.98,52.34,57.0
1556711450.5077271,19.4,37.5,603.0,30.0,24.09,52.12,57.0
1556711453.3328888,19.4,37.4,603.0,30.0,24.11,52.12,39.0
1556711456.1560502,19.4,37.4,610.0,31.0,24.11,52.02,39.0
1556711458.9252086,19.4,37.4,621.0,33.0,24.05,52.02,39.0
1556711461.74937,19.4,37.4,631.0,35.0,23.95,51.95,39.0
1556711464.595533,19.4,37.4,650.0,38.0,24.02,52.04,45.0
1556711467.3646913,19.4,37.4,664.0,40.0,24.23,51.92,74.0
1556711470.1878529,19.4,37.4,650.0,38.0,24.14,51.82,74.0
1556711473.0430162,19.4,37.4,644.0,37.0,24.21,51.82,74.0
1556711475.8101745,19.4,37.3,631.0,35.0,24.11,51.72,74.0
1556711478.6403363,19.4,37.3,616.0,32.0,24.23,51.62,74.0
1556711481.4694982,19.4,37.3,603.0,30.0,24.03,51.62,74.0
1556711484.2956598,19.4,37.3,599.0,30.0,24.13,51.72,74.0
1556711487.1178212,19.4,37.2,599.0,30.0,23.64,51.67,74.0
1556711489.8899796,19.4,37.2,589.0,28.0,23.87,51.84,74.0
1556711492.7171414,19.4,37.2,589.0,28.0,23.84,51.75,74.0
1556711495.542303,19.5,37.3,578.0,27.0,23.79,51.77,74.0
1556711498.3824654,19.4,37.2,574.0,26.0,23.8,51.87,74.0
1556711501.1866257,19.4,37.1,584.0,28.0,23.87,51.75,74.0
1556711503.9897861,19.4,37.1,578.0,27.0,23.86,51.84,74.0
1556711506.7739453,19.4,37.1,578.0,27.0,23.76,51.97,45.0
1556711509.6131077,19.4,37.1,578.0,27.0,23.74,51.97,45.0
1556711512.3902667,19.4,37.1,574.0,26.0,23.66,52.07,45.0
1556711515.2204285,19.4,37.1,560.0,24.0,23.81,52.04,45.0
1556711518.0795922,19.4,37.1,553.0,23.0,23.69,52.17,45.0
1556711520.8687515,19.4,37.1,560.0,24.0,23.8,52.17,45.0
1556711523.6979134,19.4,37.1,564.0,24.0,23.62,52.27,63.0
1556711526.470072,19.4,37.1,568.0,25.0,23.61,52.47,63.0
1556711529.2972336,19.4,37.1,568.0,25.0,23.44,52.39,63.0
1556711532.1223953,19.4,37.2,568.0,25.0,23.69,52.47,63.0
1556711534.948557,19.4,37.2,574.0,26.0,23.65,52.57,63.0
1556711537.8437226,19.4,37.2,574.0,26.0,23.68,52.57,63.0
1556711540.5818791,19.4,37.2,574.0,26.0,23.5,52.69,63.0
1556711543.361038,19.4,37.2,574.0,26.0,23.69,52.87,63.0
1556711546.1862,19.4,37.3,568.0,25.0,23.64,52.87,63.0
1556711549.0183616,19.4,37.3,564.0,24.0,23.58,52.97,63.0
1556711551.8025208,19.3,37.2,574.0,26.0,23.53,52.99,63.0
1556711554.6326828,19.3,37.3,560.0,24.0,23.74,53.06,63.0
1556711557.4088416,19.3,37.3,560.0,24.0,23.47,53.09,81.0
1556711560.2560043,19.3,37.4,560.0,24.0,23.46,53.19,81.0
1556711563.0871663,19.3,37.5,564.0,24.0,23.4,53.39,81.0
1556711565.8903267,19.3,37.5,560.0,24.0,23.59,53.36,81.0
1556711568.7264888,19.3,37.5,560.0,24.0,23.53,53.39,81.0
1556711571.508648,19.3,37.6,548.0,22.0,23.53,53.39,81.0
1556711574.3688116,19.3,37.6,553.0,23.0,23.5,53.29,81.0
1556711577.1219692,19.3,37.6,560.0,24.0,23.69,53.36,63.0
1556711579.9471307,19.3,37.6,564.0,24.0,23.68,53.47,45.0
1556711582.7802925,19.3,37.6,560.0,24.0,23.51,53.39,45.0
1556711585.5734525,19.3,37.6,553.0,23.0,23.76,53.36,45.0
1556711588.4066145,19.2,37.6,560.0,24.0,23.71,53.36,45.0
1556711591.178773,19.2,37.6,568.0,25.0,23.62,53.36,45.0
1556711594.010935,19.2,37.6,584.0,28.0,23.64,53.27,63.0
1556711596.840097,19.2,37.6,589.0,28.0,23.62,53.17,63.0
1556711599.671259,19.2,37.6,584.0,28.0,23.86,53.04,63.0
1556711602.455418,19.2,37.6,589.0,28.0,23.91,52.94,63.0
1556711605.3165817,19.2,37.6,589.0,28.0,23.72,52.97,63.0
1556711608.08574,19.2,37.6,589.0,28.0,23.96,52.94,63.0
1556711610.9379032,19.2,37.7,595.0,29.0,23.74,52.97,63.0
1556711613.785066,19.2,37.7,599.0,30.0,23.91,52.84,63.0
1556711616.5292232,19.2,37.7,610.0,31.0,23.94,52.84,63.0
1556711619.3843863,19.2,37.7,610.0,31.0,23.96,52.74,63.0
1556711622.1395438,19.2,37.7,621.0,33.0,23.94,52.64,63.0
1556711625.0387099,19.2,37.7,631.0,35.0,24.17,52.62,63.0
1556711627.7688658,19.2,37.7,631.0,35.0,23.94,52.55,63.0
1556711630.63703,19.2,37.7,627.0,34.0,24.05,52.42,63.0
1556711633.3891873,19.3,37.8,621.0,33.0,23.99,52.44,63.0
1556711636.2183492,19.3,37.8,599.0,30.0,24.05,52.32,63.0
1556711639.045511,19.3,37.8,589.0,28.0,24.13,52.22,63.0
1556711641.8696725,19.3,37.8,595.0,29.0,24.21,52.12,63.0
1556711644.6758327,19.3,37.7,603.0,30.0,24.01,52.25,63.0
1556711647.5569975,19.3,37.7,599.0,30.0,23.94,52.14,63.0
1556711650.3231559,19.3,37.7,595.0,29.0,24.03,52.02,63.0
1556711653.1223161,19.3,37.7,599.0,30.0,24.08,52.02,81.0
1556711655.919476,19.3,37.7,599.0,30.0,24.05,52.12,81.0
1556711658.9136474,19.3,37.7,589.0,28.0,23.95,52.04,81.0
1556711661.6428034,19.3,37.6,578.0,27.0,23.94,51.95,81.0
1556711664.4129617,19.3,37.6,574.0,26.0,24.06,51.92,52.0
1556711667.1721199,19.3,37.6,574.0,26.0,23.91,51.95,52.0
1556711670.0052817,19.3,37.6,578.0,27.0,23.9,51.95,52.0
1556711672.809442,19.3,37.6,578.0,27.0,23.95,51.95,52.0
1556711675.6416042,19.3,37.6,589.0,28.0,24.02,52.04,52.0
1556711678.6857781,19.3,37.6,595.0,29.0,24.05,51.92,52.0
1556711681.265926,19.3,37.6,595.0,29.0,24.18,51.92,70.0
1556711684.0750866,19.3,37.6,599.0,30.0,23.9,51.95,70.0
1556711686.9042482,19.3,37.6,595.0,29.0,24.27,52.0,70.0
1556711689.7274098,19.3,37.6,589.0,28.0,24.05,51.92,70.0
1556711692.509569,19.3,37.6,589.0,28.0,24.01,51.95,70.0
1556711695.345731,19.4,37.6,589.0,28.0,24.35,51.79,70.0
1556711698.1268902,19.3,37.6,589.0,28.0,24.17,51.82,70.0
1556711700.957052,19.3,37.6,589.0,28.0,24.14,51.82,58.0
1556711703.790214,19.3,37.6,568.0,25.0,24.06,51.82,58.0
1556711706.5643728,19.3,37.6,568.0,25.0,24.08,51.82,58.0
1556711709.3945346,19.3,37.6,568.0,25.0,24.06,51.92,58.0
1556711712.2216966,19.4,37.6,584.0,28.0,24.02,51.95,76.0
1556711715.0548584,19.3,37.6,589.0,28.0,24.03,52.02,76.0
1556711717.8190165,19.3,37.6,589.0,28.0,23.98,52.04,65.0
1556711720.6661794,19.4,37.6,584.0,28.0,24.03,52.02,65.0
1556711723.4973412,19.4,37.6,574.0,26.0,24.06,51.92,65.0
1556711726.2584991,19.4,37.6,568.0,25.0,23.96,51.95,82.0
1556711729.107662,19.4,37.6,568.0,25.0,24.01,52.04,71.0
1556711731.8878212,19.4,37.6,574.0,26.0,23.9,52.04,71.0
1556711734.7229834,19.4,37.6,578.0,27.0,23.95,52.04,67.0
1556711737.547145,19.4,37.6,578.0,27.0,24.05,52.12,78.0
1556711740.3703063,19.4,37.6,574.0,26.0,23.98,52.14,78.0
1556711743.159466,19.4,37.6,574.0,26.0,24.09,52.12,84.0
1556711745.9936278,19.4,37.6,574.0,26.0,24.08,52.12,80.0
1556711748.7667866,19.4,37.6,574.0,26.0,23.99,52.14,97.0
1556711751.5959482,19.4,37.6,578.0,27.0,24.01,52.14,99.0
1556711754.4271104,19.4,37.6,574.0,26.0,23.99,52.04,95.0
1556711757.2492719,19.4,37.6,584.0,28.0,24.06,52.02,89.0
1556711760.0744333,19.4,37.6,578.0,27.0,24.06,52.02,93.0
1556711762.846592,19.4,37.6,568.0,25.0,24.09,52.02,82.0
1556711765.676754,19.4,37.6,574.0,26.0,23.9,52.04,82.0
1556711768.5759196,19.4,37.5,584.0,28.0,24.06,51.92,97.0
1556711771.3320773,19.4,37.5,589.0,28.0,24.03,52.02,86.0
1556711774.1122363,19.4,37.5,589.0,28.0,24.02,52.04,86.0
1556711776.941398,19.4,37.5,589.0,28.0,24.13,52.02,90.0
1556711779.77056,19.4,37.5,589.0,28.0,24.02,52.04,80.0
1556711782.5547192,19.4,37.5,589.0,28.0,24.01,51.95,84.0
1556711785.3978817,19.4,37.5,578.0,27.0,24.16,51.92,84.0
1556711788.1690404,19.4,37.5,578.0,27.0,24.09,51.92,73.0
1556711791.0252037,19.4,37.5,584.0,28.0,23.94,51.95,95.0
1556711793.789362,19.4,37.5,584.0,28.0,24.13,52.02,78.0
1556711796.6205237,19.4,37.5,578.0,27.0,23.98,52.14,78.0
1556711799.4526858,19.4,37.5,578.0,27.0,23.99,52.04,67.0
1556711802.3488512,19.4,37.5,574.0,26.0,24.05,52.02,89.0
1556711805.0840077,19.4,37.5,568.0,25.0,24.08,52.12,89.0
1556711807.9081693,19.4,37.5,574.0,26.0,23.91,52.04,89.0
1556711810.6953287,19.4,37.5,574.0,26.0,24.14,52.02,71.0
1556711813.5444918,19.4,37.5,574.0,26.0,24.13,52.12,71.0
1556711816.3216505,19.4,37.5,574.0,26.0,23.91,52.04,71.0
1556711819.1518123,19.4,37.5,568.0,25.0,24.09,52.12,71.0
1556711821.976974,19.4,37.5,574.0,26.0,24.03,52.12,71.0
1556711824.7461324,19.4,37.5,574.0,26.0,24.02,52.04,71.0
1556711827.6162965,19.4,37.5,574.0,26.0,23.87,52.14,71.0
1556711830.3784544,19.4,37.5,578.0,27.0,23.9,52.14,71.0
1556711833.202616,19.4,37.5,574.0,26.0,23.83,52.14,71.0
1556711836.035778,19.4,37.5,574.0,26.0,23.64,52.27,71.0
1556711838.896942,19.4,37.5,574.0,26.0,23.83,52.34,71.0
1556711841.6390986,19.4,37.5,564.0,24.0,23.81,52.34,71.0
1556711844.475261,19.4,37.5,564.0,24.0,23.79,52.47,71.0
1556711847.2974222,19.4,37.5,564.0,24.0,23.86,52.34,71.0
1556711850.1225839,19.4,37.5,560.0,24.0,23.84,52.34,71.0
1556711852.8957424,19.3,37.5,564.0,24.0,23.88,52.34,71.0
1556711855.7269044,19.3,37.5,568.0,25.0,23.74,52.47,71.0
1556711858.5590663,19.3,37.5,568.0,25.0,23.69,52.37,71.0
1556711861.3862283,19.3,37.5,564.0,24.0,23.84,52.55,71.0
1556711864.22339,19.3,37.5,553.0,23.0,23.65,52.57,89.0
1556711866.9835482,19.3,37.5,560.0,24.0,23.76,52.67,89.0
1556711869.8197105,19.3,37.5,560.0,24.0,23.65,52.76,89.0
1556711872.5888689,19.3,37.5,560.0,24.0,23.79,52.67,89.0
1556711875.424031,19.3,37.5,564.0,24.0,23.69,52.76,89.0
1556711878.2521927,19.3,37.6,568.0,25.0,23.74,52.87,71.0
1556711881.0773542,19.3,37.6,621.0,33.0,23.62,52.97,71.0
1556711883.8535132,19.3,37.6,621.0,33.0,23.98,52.94,71.0
1556711886.7156768,19.3,37.7,584.0,28.0,23.72,52.97,71.0
1556711889.514837,19.3,37.7,574.0,26.0,23.68,52.97,89.0
1556711892.5490105,19.3,37.7,578.0,27.0,23.68,52.97,89.0
1556711895.112157,19.3,37.7,584.0,28.0,23.71,52.97,89.0
1556711897.944319,19.3,37.7,595.0,29.0,23.88,52.94,67.0
1556711900.7684805,19.3,37.7,603.0,30.0,23.69,53.06,67.0
1556711903.5516398,19.3,37.7,599.0,30.0,23.94,53.04,67.0
1556711906.3958027,19.2,37.7,595.0,29.0,23.94,52.94,67.0
1556711909.1779616,19.2,37.7,589.0,28.0,23.77,52.97,67.0
1556711912.0381253,19.2,37.7,589.0,28.0,23.91,52.84,67.0
1556711914.8202844,19.3,37.7,589.0,28.0,23.84,52.74,78.0
1556711917.680448,19.2,37.7,589.0,28.0,23.99,52.84,78.0
1556711920.4466062,19.2,37.7,595.0,29.0,24.08,52.72,78.0
1556711923.278768,19.2,37.7,595.0,29.0,23.96,52.74,57.0
1556711926.1119301,19.2,37.7,599.0,30.0,23.88,52.64,67.0
1556711929.0070958,19.2,37.7,584.0,28.0,23.84,52.64,67.0
1556711931.7412522,19.2,37.7,584.0,28.0,23.94,52.64,67.0
1556711934.50041,19.2,37.7,578.0,27.0,23.96,52.55,67.0
1556711937.350573,19.2,37.7,578.0,27.0,23.86,52.55,67.0
1556711940.130732,19.3,37.8,578.0,27.0,23.9,52.44,67.0
1556711942.997896,19.2,37.7,578.0,27.0,23.9,52.34,57.0
1556711945.7640543,19.3,37.8,578.0,27.0,23.83,52.44,57.0
1556711948.595216,19.3,37.8,578.0,27.0,23.96,52.55,57.0
1556711951.45938,19.3,37.8,578.0,27.0,23.86,52.55,57.0
1556711954.1945364,19.3,37.8,574.0,26.0,23.83,52.55,95.0
1556711957.037699,19.3,37.8,568.0,25.0,23.96,52.44,108.0
1556711959.8608603,19.3,37.8,574.0,26.0,23.66,52.57,108.0
1556711962.687022,19.2,37.7,578.0,27.0,23.74,52.57,120.0
1556711965.4531803,19.2,37.7,578.0,27.0,23.88,52.55,102.0
1556711968.2773418,19.3,37.8,578.0,27.0,23.74,52.67,113.0
1556711971.1015034,19.3,37.8,578.0,27.0,23.8,52.57,113.0
1556711973.9286652,19.3,37.8,578.0,27.0,23.74,52.57,125.0
1556711976.7528267,19.3,37.8,568.0,25.0,23.9,52.44,107.0
1556711979.5399861,19.2,37.7,553.0,23.0,23.81,52.44,107.0
1556711982.3621476,19.2,37.6,544.0,21.0,23.99,52.34,118.0
1556711985.185309,19.2,37.6,553.0,23.0,23.66,52.27,100.0
1556711988.0084705,19.2,37.6,553.0,23.0,23.56,52.29,82.0
1556711990.7876294,19.2,37.5,560.0,24.0,23.66,52.37,94.0
1556711993.610791,19.2,37.5,560.0,24.0,23.66,52.27,94.0
1556711996.4379525,19.2,37.5,560.0,24.0,23.74,52.47,76.0
1556711999.262114,19.2,37.5,560.0,24.0,23.68,52.47,76.0
1556712002.0972764,19.2,37.5,553.0,23.0,23.61,52.47,76.0
1556712004.8484337,19.2,37.5,548.0,22.0,23.68,52.47,76.0
1556712007.6745954,19.2,37.5,548.0,22.0,23.64,52.47,76.0
1556712010.5117576,19.2,37.5,553.0,23.0,23.64,52.57,76.0
1556712013.333919,19.2,37.4,560.0,24.0,23.61,52.57,94.0
1556712016.1030774,19.2,37.4,548.0,22.0,23.58,52.57,112.0
1556712018.9262388,19.2,37.4,548.0,22.0,23.54,52.49,70.0
1556712021.7514005,19.2,37.4,553.0,23.0,23.47,52.69,44.0
1556712024.589563,19.2,37.5,568.0,25.0,23.64,52.67,62.0
1556712027.3707218,19.2,37.5,574.0,26.0,23.62,52.67,62.0
1556712030.1958835,19.2,37.5,578.0,27.0,23.65,52.76,72.0
1556712033.0240452,19.2,37.5,578.0,27.0,23.61,52.76,88.0
1556712036.0042157,19.2,37.5,578.0,27.0,23.54,52.69,72.0
1556712038.6463668,19.2,37.5,584.0,28.0,23.66,52.67,72.0
1556712041.5675337,19.2,37.5,589.0,28.0,23.86,52.64,88.0
1556712044.29669,19.2,37.5,595.0,29.0,23.71,52.67,88.0
1556712047.09285,19.2,37.6,599.0,30.0,23.91,52.64,62.0
1556712049.9340124,19.2,37.6,603.0,30.0,23.79,52.67,62.0
1556712052.6941705,19.2,37.6,603.0,30.0,23.9,52.55,62.0
1556712055.5453331,19.2,37.6,603.0,30.0,23.76,52.47,62.0
1556712058.3214922,19.2,37.6,603.0,30.0,23.96,52.44,79.0
1556712061.1506538,19.2,37.6,610.0,31.0,24.02,52.34,79.0
1556712063.9788158,19.2,37.6,610.0,31.0,24.01,52.34,79.0
1556712066.8769815,19.2,37.6,610.0,31.0,24.16,52.32,79.0
1556712069.6241386,19.2,37.6,610.0,31.0,24.14,52.22,79.0
1556712072.3982973,19.2,37.6,616.0,32.0,24.01,52.14,79.0
1556712075.2514606,19.2,37.6,610.0,31.0,24.27,52.09,95.0
1556712078.0216188,19.2,37.6,616.0,32.0,24.23,52.02,95.0
1556712080.851781,19.2,37.6,616.0,32.0,24.2,51.92,95.0
1556712083.703944,19.2,37.6,621.0,33.0,24.06,51.82,95.0
1556712086.573108,19.2,37.6,616.0,32.0,24.13,51.82,95.0
1556712089.350267,19.2,37.6,621.0,33.0,24.32,51.79,95.0
1556712092.1754286,19.2,37.6,621.0,33.0,24.08,51.72,95.0
1556712094.9045846,19.2,37.6,621.0,33.0,24.08,51.72,95.0
1556712097.7417467,19.2,37.6,621.0,33.0,24.35,51.7,95.0
1556712100.5859096,19.3,37.7,627.0,34.0,24.32,51.59,95.0
1556712103.3430672,19.3,37.7,627.0,34.0,24.38,51.59,95.0
1556712106.1902301,19.3,37.7,627.0,34.0,24.27,51.59,68.0
1556712109.020392,19.3,37.6,627.0,34.0,24.33,51.5,68.0
1556712111.8385532,19.3,37.6,627.0,34.0,24.41,51.4,68.0
1556712114.6787157,19.3,37.6,631.0,35.0,24.57,51.37,68.0
1556712117.5148778,19.3,37.6,631.0,35.0,24.5,51.4,68.0
1556712120.2550347,19.3,37.6,631.0,35.0,24.46,51.4,68.0
1556712123.0861964,19.3,37.6,631.0,35.0,24.48,51.29,68.0
1556712125.8553548,19.3,37.6,631.0,35.0,24.35,51.29,68.0
1556712128.6825166,19.3,37.6,631.0,35.0,24.57,51.27,68.0
1556712131.5116785,19.4,37.7,640.0,36.0,24.41,51.2,68.0
1556712134.33584,19.4,37.7,640.0,36.0,24.58,51.07,68.0
1556712137.1620014,19.4,37.6,640.0,36.0,24.32,51.2,68.0
1556712139.9241595,19.4,37.6,644.0,37.0,24.91,51.15,68.0
1556712142.746321,19.4,37.6,644.0,37.0,24.7,51.07,68.0
1556712145.5734828,19.4,37.6,644.0,37.0,24.64,50.98,68.0
1556712148.4076447,19.4,37.6,644.0,37.0,24.7,50.98,86.0
1556712151.2298062,19.4,37.6,644.0,37.0,24.66,50.87,86.0
1556712154.005965,19.4,37.6,650.0,38.0,24.84,50.95,103.0
1556712156.8311265,19.4,37.6,650.0,38.0,24.79,50.85,103.0
1556712159.6792896,19.4,37.6,650.0,38.0,24.8,50.75,86.0
1556712162.4434476,19.4,37.6,650.0,38.0,24.63,50.78,86.0
1556712165.2686093,19.4,37.5,656.0,39.0,24.76,50.75,86.0
1556712168.0967708,19.5,37.6,656.0,39.0,24.84,50.85,103.0
1556712170.9199324,19.5,37.6,656.0,39.0,24.83,50.65,103.0
1556712173.744094,19.5,37.6,664.0,40.0,24.7,50.78,103.0
1556712176.5212529,19.5,37.6,664.0,40.0,24.89,50.75,74.0
1556712179.3504145,19.5,37.6,664.0,40.0,24.86,50.65,110.0
1556712182.1755762,19.6,37.6,669.0,40.0,25.04,50.63,81.0
1556712184.9997375,19.6,37.6,669.0,40.0,24.92,50.65,92.0
1556712187.7678962,19.6,37.6,669.0,40.0,24.81,50.65,81.0
1556712190.599058,19.6,37.6,669.0,40.0,24.79,50.55,81.0
1556712193.43022,19.5,37.5,669.0,40.0,24.79,50.45,81.0
1556712196.266382,19.6,37.5,669.0,40.0,25.02,50.52,63.0
1556712199.02954,19.6,37.5,682.0,42.0,24.88,50.45,99.0
1556712201.8547018,19.6,37.5,675.0,41.0,24.94,50.55,81.0
1556712204.6858637,19.6,37.5,682.0,42.0,25.14,50.43,92.0
1556712207.5150254,19.6,37.5,682.0,42.0,24.98,50.35,110.0
1556712210.2841837,19.6,37.5,682.0,42.0,25.07,50.43,92.0
1556712213.1103454,19.6,37.5,682.0,42.0,25.11,50.33,74.0
1556712215.962509,19.6,37.5,682.0,42.0,25.11,50.33,74.0
1556712218.7276666,19.7,37.6,682.0,42.0,25.06,50.23,74.0
1556712221.5538287,19.7,37.5,675.0,41.0,25.09,50.23,63.0
1556712224.3769898,19.7,37.5,682.0,42.0,25.24,50.1,81.0
1556712227.2031517,19.7,37.5,682.0,42.0,25.18,50.13,105.0
1556712230.0303133,19.7,37.5,688.0,43.0,25.02,50.03,105.0
1556712232.8024719,19.7,37.4,695.0,44.0,25.04,50.03,70.0
1556712235.6256332,19.7,37.3,688.0,43.0,25.17,49.93,70.0
1556712238.4567955,19.8,37.4,688.0,43.0,25.2,49.83,70.0
1556712241.278957,19.7,37.3,695.0,44.0,25.35,49.8,70.0
1556712244.0491152,19.8,37.3,695.0,44.0,25.38,49.91,70.0
1556712246.8742766,19.8,37.3,695.0,44.0,25.29,49.8,70.0
1556712249.709439,19.8,37.3,705.0,46.0,25.38,49.8,123.0
1556712252.5886037,19.8,37.3,705.0,46.0,25.41,49.71,123.0
1556712255.3367608,19.8,37.3,705.0,46.0,25.26,49.71,123.0
1556712258.1729228,19.8,37.2,695.0,44.0,25.25,49.71,123.0
1556712260.9740832,19.8,37.2,695.0,44.0,25.36,49.61,123.0
1556712263.7802436,19.8,37.2,695.0,44.0,25.26,49.61,123.0
1556712266.6264064,19.9,37.2,688.0,43.0,25.32,49.61,123.0
1556712269.4285667,19.9,37.2,695.0,44.0,25.36,49.51,123.0
1556712272.3607345,19.9,37.2,695.0,44.0,25.24,49.51,123.0
1556712275.0598888,19.9,37.2,695.0,44.0,25.36,49.51,123.0
1556712277.8430479,19.9,37.2,705.0,46.0,25.35,49.51,123.0
1556712280.6952112,19.9,37.2,705.0,46.0,25.39,49.51,123.0
1556712283.5323734,19.9,37.1,710.0,47.0,25.33,49.61,123.0
1556712286.3085322,19.9,37.1,710.0,47.0,25.48,49.58,123.0
1556712289.0826907,19.9,37.1,710.0,47.0,25.43,49.61,123.0
1556712291.9108527,20.0,37.2,705.0,46.0,25.41,49.51,123.0
1556712294.7690163,20.0,37.2,705.0,46.0,25.44,49.41,123.0
1556712297.529174,20.0,37.2,710.0,47.0,25.48,49.38,123.0
1556712300.3543355,20.0,37.1,710.0,47.0,25.47,49.49,123.0
1556712303.1854975,20.0,37.1,705.0,46.0,25.63,49.38,123.0
1556712306.0176594,20.0,37.1,710.0,47.0,25.47,49.29,123.0
1556712308.7768173,20.0,37.1,710.0,47.0,25.5,49.38,123.0
1556712311.6079793,20.0,37.0,710.0,47.0,25.44,49.41,123.0
1556712314.4471416,20.0,37.0,710.0,47.0,25.58,49.38,123.0
1556712317.2253006,20.0,37.0,716.0,48.0,25.51,49.38,123.0
1556712320.0774639,20.0,37.0,716.0,48.0,25.33,49.31,123.0
1556712322.842622,20.1,37.0,710.0,47.0,25.44,49.31,123.0
1556712339.7955914,20.1,37.0,0.0,0.0,25.68,49.19,105.0
1556712363.597953,20.1,36.8,0.0,0.0,25.53,49.08,117.0
1556712410.2696223,20.3,36.5,0.0,0.0,25.66,48.49,86.0
1556712877.3223362,200.0,200.0,0.0,0.0,26.25,47.73,99.0
1556712973.9508631,21.1,35.5,407.0,1.0,26.62,47.21,99.0
1556715976.0495734,21.8,34.9,400.0,0.0,27.3,46.64,44.0
1556716277.544818,21.8,34.9,403.0,0.0,27.25,46.64,62.0
1556716429.4005036,22.2,35.0,414.0,2.0,27.37,47.24,86.0
1556716504.86782,22.1,34.9,400.0,0.0,27.48,46.42,92.0
1556716580.3421369,22.1,34.8,400.0,0.0,27.45,46.52,95.0
1556716655.7984529,22.0,34.7,417.0,2.0,27.32,46.55,68.0
1556716806.703084,22.0,35.0,408.0,1.0,27.25,46.64,62.0
1556716957.5927145,22.0,35.1,408.0,1.0,27.33,46.64,79.0
1556717033.1070335,22.0,35.0,407.0,1.0,27.48,46.12,62.0
1556717184.0356662,22.0,35.1,409.0,1.0,27.5,46.23,62.0
1556717410.4356155,22.0,35.0,400.0,0.0,27.37,46.15,62.0
1556717863.2585154,22.0,35.0,403.0,0.0,27.42,46.12,72.0
1556718014.168147,22.0,34.8,408.0,1.0,27.4,46.12,55.0
1556718240.4650905,22.0,35.0,408.0,1.0,27.36,46.05,79.0
1556718466.8410387,22.0,35.1,406.0,0.0,27.37,46.15,72.0
1556718622.3779347,22.0,35.1,408.0,1.0,27.39,46.23,55.0
1556718700.7144153,22.0,34.9,405.0,0.0,27.28,46.25,64.0
1556718857.5773873,22.0,35.0,416.0,2.0,27.29,46.25,64.0
1556718935.7498586,22.0,35.0,400.0,0.0,27.33,46.35,64.0
1556719170.9563115,22.0,35.1,416.0,2.0,27.29,46.25,55.0
1556719405.7797427,22.0,35.0,405.0,0.0,27.28,46.25,64.0
1556719484.2952335,22.1,35.1,402.0,0.0,27.47,46.12,64.0
1556720224.7735865,22.1,35.1,414.0,2.0,27.8,45.51,64.0
1556720538.926555,22.1,35.1,409.0,1.0,27.7,45.61,31.0
1556720617.0650241,22.1,35.1,400.0,0.0,27.62,45.63,55.0
1556720695.3925042,22.1,35.1,423.0,3.0,27.59,45.83,31.0
1556720852.2524762,22.1,35.1,400.0,0.0,27.51,46.03,40.0
1556721008.7264261,22.1,35.0,400.0,0.0,27.59,45.93,40.0
1556721165.5923982,22.1,35.0,424.0,3.0,27.43,46.33,40.0
1556721244.3459027,22.1,34.9,400.0,0.0,27.52,46.23,40.0
1556721322.8963954,22.1,35.0,400.0,0.0,27.48,46.12,40.0
1556721478.946321,22.1,35.0,410.0,1.0,27.36,46.55,40.0
1556721557.0907907,22.1,34.9,403.0,0.0,27.35,46.94,55.0
1556721635.441272,22.1,35.2,401.0,0.0,27.06,47.36,40.0
1556721948.4621758,22.1,35.0,407.0,1.0,27.37,46.74,40.0
1556722026.828658,22.1,35.1,659.0,39.0,27.45,46.82,40.0
1556722105.1611385,22.1,35.0,454.0,8.0,27.35,46.64,40.0
1556722183.7116313,22.1,35.0,403.0,0.0,27.29,46.74,55.0
1556722262.141117,22.1,35.0,409.0,1.0,27.3,46.84,40.0
1556722340.4695973,22.1,35.0,400.0,0.0,27.4,46.72,40.0
1556722409.6335535,22.1,35.1,423.0,3.0,27.42,46.92,40.0
1556722576.3760903,22.1,35.1,402.0,0.0,27.42,46.92,40.0
1556722742.3355827,22.1,35.1,405.0,0.0,27.32,47.14,40.0
1556722991.0708096,22.1,35.2,825.0,64.0,27.37,47.24,40.0
1556723074.3555732,22.1,35.1,631.0,35.0,27.35,47.04,40.0
1556723905.4691103,22.1,34.9,417.0,2.0,27.15,47.04,55.0
1556724072.5396662,22.1,34.8,486.0,13.0,26.95,46.97,55.0
1556724155.7184238,22.0,34.7,486.0,13.0,26.88,46.98,55.0
1556724405.158691,22.0,34.5,400.0,0.0,26.93,46.47,64.0
1556724488.4844568,22.0,34.4,423.0,3.0,27.0,46.47,64.0
1556724654.616959,22.0,34.3,405.0,0.0,27.02,46.27,64.0
1556724986.4669397,22.0,34.2,533.0,20.0,27.23,46.15,64.0
1556725069.4316852,22.1,34.3,495.0,14.0,27.25,45.85,64.0
1556725569.651296,22.0,34.0,543.0,21.0,27.08,45.78,64.0
1556725652.8770564,22.0,34.1,534.0,20.0,27.23,45.85,64.0
1556725735.7037938,22.0,34.1,502.0,15.0,27.2,46.05,48.0
1556725986.3661306,22.0,34.3,492.0,14.0,26.99,46.47,55.0
1556726154.0997245,22.0,34.4,1014.0,93.0,27.17,46.55,55.0
1556726653.5732927,22.0,34.6,900.0,76.0,27.29,46.15,40.0
1556729983.9907818,22.2,35.7,436.0,5.0,28.26,46.45,40.0
1556730066.955527,22.2,36.0,456.0,8.0,28.05,46.78,40.0
1556730150.003277,22.2,35.9,408.0,1.0,28.0,46.67,40.0
1556730400.4236004,22.2,35.9,405.0,0.0,27.74,47.29,40.0
1556730566.8021166,22.3,35.9,408.0,1.0,27.62,47.52,40.0
1556730817.8664768,22.3,35.9,400.0,0.0,27.47,47.71,40.0
1556730900.7532175,22.2,35.8,405.0,0.0,27.43,47.81,24.0
